INSERT INTO client (id, name, reference_number, current_balance, last_paid, last_paid_amount, monthly_subscription) VALUES
  (1, 'Omar Kanaan', '1', 100,               '2019-01-01', 50, 50),
  (2, 'Suleiman Kanaan', '2', 500,           '2019-02-01', 100, 50),
  (3, 'Yael Shill', '3', 1500,               '2019-03-03', 50, 50),
  (4, 'Clora Clewis', '4', 50,               '2019-04-05', 50, 50),
  (5, 'Wilhemina Broadway', '5', 11,         '2019-06-11', 50, 100),
  (6, 'Tawnya Demario', '6', 22,             '2019-04-30', 55, 80),
  (7, 'Mckinley Whang', '7', 31,             '2019-06-01', 50, 70),
  (8, 'Annetta Burch', '8', 45,              '2019-07-01', 50, 60),
  (9, 'Marilyn Benedict', '9', 21,           '2019-01-06', 50, 55),
  (10, 'Tyrone Valiente', '10', 12,          '2019-03-07', 1000, 55),
  (11, 'Shavonda Boissonneault', '11', 988,  '2019-04-12', 50, 55),
  (12, 'Donnette Mcqueary', '12', 765,       '2019-02-13', 50, 50),
  (13, 'Janice Toohey', '13', 453,           '2019-05-01', 50, 50),
  (14, 'Ellan Rames', '14', 22,              '2019-06-05', 50, 50),
  (15, 'Thanh Coty', '15', 0,                '2019-01-01', 50, 80),
  (16, 'Nada Gipe', '16', 13,                '2019-02-01', 50, 80),
  (17, 'Ouida Gayden', '17', 41,             '2019-03-01', 50, 80),
  (18, 'Keri Bushong', '18', 0,              '2019-04-01', 5, 80),
  (19, 'Kerri Barrow', '19', 0,              '2019-05-01', 50, 80),
  (20, 'Anita Landreth', '20', 12,          '2019-03-07', 1000, 55),
  (21, 'Alta Desalvo', '21', 988,  '2019-04-12', 50, 55),
  (22, 'Shani Zinck', '22', 765,       '2019-02-13', 50, 50),
  (23, 'Dorris Hershey', '23', 453,           '2019-05-01', 50, 50),
  (24, 'Kia Cavallo', '24', 22,              '2019-06-05', 50, 50),
  (25, 'Karren Lupo', '25', 0,                '2019-01-01', 50, 80),
  (26, 'Kamilah Honore', '26', 13,                '2019-02-01', 50, 80),
  (27, 'Theron Homan', '27', 41,             '2019-03-01', 50, 80),
  (28, 'Leonardo Herdt', '28', 0,              '2019-04-01', 5, 80),
  (29, 'Lita Kral', '29', 0,              '2019-05-01', 50, 80),
  (30, 'Carlita Turberville', '30', 12,          '2019-03-07', 1000, 55),
  (31, 'Marna Heisler', '31', 988,  '2019-04-12', 50, 55),
  (32, 'Matilda Turnbow', '32', 765,       '2019-02-13', 50, 50),
  (33, 'Tanja Vancuren', '33', 453,           '2019-05-01', 50, 50),
  (34, 'Joya Gahagan', '34', 22,              '2019-06-05', 50, 50),
  (35, 'Marquitta Moates', '35', 0,                '2019-01-01', 50, 80),
  (36, 'Deandrea Pantaleo', '36', 13,                '2019-02-01', 50, 80),
  (37, 'Sheri Myrick', '37', 41,             '2019-03-01', 50, 80),
  (38, 'Efren Teel', '38', 0,              '2019-04-01', 5, 80),
  (39, 'Gerald Toups', '39', 0,              '2019-05-01', 50, 80),
  (40, 'Lu Vicini', '40', 12,          '2019-03-07', 1000, 55),
  (41, 'Brandy Sosnowski', '41', 988,  '2019-04-12', 50, 55),
  (42, 'Sammy Heesch', '42', 765,       '2019-02-13', 50, 50),
  (43, 'Jae Martel', '43', 453,           '2019-05-01', 50, 50),
  (44, 'Nathanael Springs', '44', 22,              '2019-06-05', 50, 50),
  (45, 'Elton Gilliard', '45', 0,                '2019-01-01', 50, 80),
  (46, 'Lisandra Willams', '46', 13,                '2019-02-01', 50, 80),
  (47, 'Vallie Rockwood', '47', 41,             '2019-03-01', 50, 80),
  (48, 'Nickolas Greenland', '48', 0,              '2019-04-01', 5, 80),
  (49, 'Terrence Grasso', '49', 0,              '2019-05-01', 50, 80),
  (50, 'Monserrate Popejoy', '50', 12,          '2019-03-07', 1000, 55),
  (51, 'Porsha Betterton', '51', 988,  '2019-04-12', 50, 55),
  (52, 'Maia Petrone', '52', 765,       '2019-02-13', 50, 50),
  (53, 'Launa Byrum', '53', 453,           '2019-05-01', 50, 50),
  (54, 'Bebe Vanhorne', '54', 22,              '2019-06-05', 50, 50),
  (55, 'Patria Lajeunesse', '55', 0,                '2019-01-01', 50, 80),
  (56, 'Sally Detweiler', '56', 13,                '2019-02-01', 50, 80),
  (57, 'Germaine Zayac', '57', 41,             '2019-03-01', 50, 80),
  (58, 'Shanon Stoneking', '58', 0,              '2019-04-01', 5, 80),
  (59, 'Janiece Lodi', '59', 0,              '2019-05-01', 50, 80),
  (60, 'Joelle Crafford', '60', 12,          '2019-03-07', 1000, 55),
  (61, 'Mariela Stitt', '61', 988,  '2019-04-12', 50, 55),
  (62, 'Francie Tedeschi', '62', 765,       '2019-02-13', 50, 50),
  (63, 'Walton Karr', '63', 453,           '2019-05-01', 50, 50),
  (64, 'Alvaro Mershon', '64', 22,              '2019-06-05', 50, 50),
  (65, 'Deedra Royston', '65', 0,                '2019-01-01', 50, 80),
  (66, 'Goldie Geiger', '66', 13,                '2019-02-01', 50, 80),
  (67, 'Temeka Balcom', '67', 41,             '2019-03-01', 50, 80),
  (68, 'Soo Lheureux', '68', 0,              '2019-04-01', 5, 80),
  (69, 'Caroyln Capra', '69', 0,              '2019-05-01', 50, 80),
  (70, 'Margarito Marcell', '70', 12,          '2019-03-07', 1000, 55),
  (71, 'Basil Waldeck', '71', 988,  '2019-04-12', 50, 55),
  (72, 'Trula Luft', '72', 765,       '2019-02-13', 50, 50),
  (73, 'Roxanne Devilbiss', '73', 453,           '2019-05-01', 50, 50),
  (74, 'Lizeth Beaird', '74', 22,              '2019-06-05', 50, 50),
  (75, 'Vita Mantooth', '75', 0,                '2019-01-01', 50, 80),
  (76, 'Lupe Piotrowski', '76', 13,                '2019-02-01', 50, 80),
  (77, 'Aisha Coutts', '77', 41,             '2019-03-01', 50, 80),
  (78, 'Bradley Mccotter', '78', 0,              '2019-04-01', 5, 80),
  (79, 'Dorian Wilmeth', '79', 0,              '2019-05-01', 50, 80),
  (80, 'Ardella Murnane', '80', 12,          '2019-03-07', 1000, 55),
  (81, 'Marivel Malia', '81', 988,  '2019-04-12', 50, 55),
  (82, 'Lyda Vandermeulen', '82', 765,       '2019-02-13', 50, 50),
  (83, 'Rodrick Bouck', '83', 453,           '2019-05-01', 50, 50),
  (84, 'Onie Polo', '84', 22,              '2019-06-05', 50, 50),
  (85, 'Coralee Levitan', '85', 0,                '2019-01-01', 50, 80),
  (86, 'Britta Cammack', '86', 13,                '2019-02-01', 50, 80),
  (87, 'Ileana Hambright', '87', 41,             '2019-03-01', 50, 80),
  (88, 'Leonie Heilig', '88', 0,              '2019-04-01', 5, 80),
  (89, 'Cecelia Rubalcava', '89', 0,              '2019-05-01', 50, 80),
  (90, 'Quincy Lenser', '90', 12,          '2019-03-07', 1000, 55),
  (91, 'Georgiana Tyra', '91', 988,  '2019-04-12', 50, 55),
  (92, 'Helene Lapan', '92', 765,       '2019-02-13', 50, 50),
  (93, 'Dorthea Meli', '93', 453,           '2019-05-01', 50, 50),
  (94, 'Adaline Lou', '94', 22,              '2019-06-05', 50, 50),
  (95, 'Byron Bergh', '95', 0,                '2019-01-01', 50, 80),
  (96, 'Forest Kantz', '96', 13,                '2019-02-01', 50, 80),
  (97, 'Roxanna Ulm', '97', 41,             '2019-03-01', 50, 80),
  (98, 'Leo Lamson', '98', 0,              '2019-04-01', 5, 80),
  (99, 'Stephine Haun', '99', 0,              '2019-05-01', 50, 80),
  (100, 'Charmaine Marsden', '100', 12,          '2019-03-07', 1000, 55),
  (101, 'Maya German', '101', 988,  '2019-04-12', 50, 55),
  (102, 'Wilson Olesen', '102', 765,       '2019-02-13', 50, 50),
  (103, 'Mabel Hennessee', '103', 453,           '2019-05-01', 50, 50),
  (104, 'Irene Harr', '104', 22,              '2019-06-05', 50, 50),
  (105, 'Jesse Maheux', '105', 0,                '2019-01-01', 50, 80),
  (106, 'Vivienne Murff', '106', 13,                '2019-02-01', 50, 80),
  (107, 'Phylicia Blagg', '107', 41,             '2019-03-01', 50, 80),
  (108, 'Shiloh Hickle', '108', 0,              '2019-04-01', 5, 80),
  (109, 'Forest Scrivens', '109', 0,              '2019-05-01', 50, 80),
  (110, 'Isidro Pitman', '110', 12,          '2019-03-07', 1000, 55),
  (111, 'Zina Culler', '111', 988,  '2019-04-12', 50, 55),
  (112, 'Buck Doner', '112', 765,       '2019-02-13', 50, 50),
  (113, 'Dave Parker', '113', 453,           '2019-05-01', 50, 50),
  (114, 'Chaya Utzinger', '114', 22,              '2019-06-05', 50, 50),
  (115, 'Inell Fikes', '115', 0,                '2019-01-01', 50, 80),
  (116, 'Nichol Loving', '116', 13,                '2019-02-01', 50, 80),
  (117, 'Joya Jacobi', '117', 41,             '2019-03-01', 50, 80),
  (118, 'Agripina Sarkisian', '118', 0,              '2019-04-01', 5, 80),
  (119, 'Lory Riebel', '119', 0,              '2019-05-01', 50, 80),
  (120, 'Charmaine Marsden', '120', 12,          '2019-03-07', 1000, 55),
  (121, 'Maya German', '121', 988,  '2019-04-12', 50, 55),
  (122, 'Wilson Olesen', '122', 765,       '2019-02-13', 50, 50),
  (123, 'Mabel Hennessee', '123', 453,           '2019-05-01', 50, 50),
  (124, 'Irene Harr', '124', 22,              '2019-06-05', 50, 50),
  (125, 'Jesse Maheux', '125', 0,                '2019-01-01', 50, 80),
  (126, 'Vivienne Murff', '126', 13,                '2019-02-01', 50, 80),
  (127, 'Phylicia Blagg', '127', 41,             '2019-03-01', 50, 80),
  (128, 'Shiloh Hickle', '128', 0,              '2019-04-01', 5, 80),
  (129, 'Forest Scrivens', '129', 0,              '2019-05-01', 50, 80),
  (130, 'Mi Garman', '130', 12,          '2019-03-07', 1000, 55),
  (131, 'Reginia Brace', '131', 988,  '2019-04-12', 50, 55),
  (132, 'Elisabeth Hollars', '132', 765,       '2019-02-13', 50, 50),
  (133, 'Gus Dibella', '133', 453,           '2019-05-01', 50, 50),
  (134, 'Renaldo Rueckert', '134', 22,              '2019-06-05', 50, 50),
  (135, 'Gracia Lantz', '135', 0,                '2019-01-01', 50, 80),
  (136, 'Alvina Acuna', '136', 13,                '2019-02-01', 50, 80),
  (137, 'Rudolf Allensworth', '137', 41,             '2019-03-01', 50, 80),
  (138, 'Drusilla Servantes', '138', 0,              '2019-04-01', 5, 80),
  (139, 'Vannessa Pullum', '139', 0,              '2019-05-01', 50, 80),
  (140, 'Marlon Choquette', '140', 12,          '2019-03-07', 1000, 55),
  (141, 'Ronnie Caicedo', '141', 988,  '2019-04-12', 50, 55),
  (142, 'Maude Geers', '142', 765,       '2019-02-13', 50, 50),
  (143, 'Ciera Dorris', '143', 453,           '2019-05-01', 50, 50),
  (144, 'Fidel Dalrymple', '144', 22,              '2019-06-05', 50, 50),
  (145, 'Holli Fiorillo', '145', 0,                '2019-01-01', 50, 80),
  (146, 'Orpha Peeler', '146', 13,                '2019-02-01', 50, 80),
  (147, 'Terica Swinehart', '147', 41,             '2019-03-01', 50, 80),
  (148, 'Keenan Clarkson', '148', 0,              '2019-04-01', 5, 80),
  (149, 'Barbera Krob', '149', 0,              '2019-05-01', 50, 80),
  (150, 'Gino Hoard', '150', 12,          '2019-03-07', 1000, 55),
  (151, 'Coy Fogal', '151', 988,  '2019-04-12', 50, 55),
  (152, 'Maricela Shoemaker', '152', 765,       '2019-02-13', 50, 50),
  (153, 'Elouise Mcmackin', '153', 453,           '2019-05-01', 50, 50),
  (154, 'Elvira Rosol', '154', 22,              '2019-06-05', 50, 50),
  (155, 'Janie Yellowhair', '155', 0,                '2019-01-01', 50, 80),
  (156, 'Windy Clow', '156', 13,                '2019-02-01', 50, 80),
  (157, 'Lanita Kluck', '157', 41,             '2019-03-01', 50, 80),
  (158, 'Katelynn Pollan', '158', 0,              '2019-04-01', 5, 80),
  (159, 'Cleveland Casson', '159', 0,              '2019-05-01', 50, 80),
  (160, 'Reda Kipp', '160', 12,          '2019-03-07', 1000, 55),
  (161, 'Dorthea Comstock', '161', 988,  '2019-04-12', 50, 55),
  (162, 'Jayson Guevara', '162', 765,       '2019-02-13', 50, 50),
  (163, 'Shawnta Strasburg', '163', 453,           '2019-05-01', 50, 50),
  (164, 'Margy Therrien', '164', 22,              '2019-06-05', 50, 50),
  (165, 'Zita Gagliardi', '165', 0,                '2019-01-01', 50, 80),
  (166, 'Avery Odem', '166', 13,                '2019-02-01', 50, 80),
  (167, 'Marilyn Stach', '167', 41,             '2019-03-01', 50, 80),
  (168, 'Rosaria Teer', '168', 0,              '2019-04-01', 5, 80),
  (169, 'Stepanie Treanor', '169', 0,              '2019-05-01', 50, 80),
  (170, 'Mario Wasserman', '170', 12,          '2019-03-07', 1000, 55),
  (171, 'Flavia Emmick', '171', 988,  '2019-04-12', 50, 55),
  (172, 'Nichole Beveridge', '172', 765,       '2019-02-13', 50, 50),
  (173, 'Theresia Magby', '173', 453,           '2019-05-01', 50, 50),
  (174, 'Shelton Ostrowski', '174', 22,              '2019-06-05', 50, 50),
  (175, 'Cecelia Braud', '175', 0,                '2019-01-01', 50, 80),
  (176, 'Migdalia Regal', '176', 13,                '2019-02-01', 50, 80),
  (177, 'Charissa Fenton', '177', 41,             '2019-03-01', 50, 80),
  (178, 'Lizzette Deaton', '178', 0,              '2019-04-01', 5, 80),
  (179, 'Gregory Ehlert', '179', 0,              '2019-05-01', 50, 80);

insert into transaction (id, due_month,due_year, amount_paid, client_id, imported) values
  (1,'JAN','2019',30,1,true),
  (2,'JAN','2019',20,2,true),
  (3,'JAN','2019',40,3,true),
  (4,'JAN','2019',33,4,true),
  (5,'JAN','2019',50,5,true),
  (6,'JAN','2019',70,6,true),
  (7,'JAN','2019',60,7,true),
  (8,'JAN','2019',30,8,true),
  (9,'JAN','2019',20,9,true),
  (10,'JAN','2019',40,10,true),
  (11,'JAN','2019',33,11,true),
  (12,'JAN','2019',50,12,true),
  (13,'JAN','2019',70,13,true),
  (14,'JAN','2019',60,14,true),
  (15,'JAN','2019',30,15,true),
  (16,'JAN','2019',20,16,true),
  (17,'JAN','2019',40,17,true),
  (18,'JAN','2019',33,18,true),
  (19,'JAN','2019',50,19,true),
  (20,'JAN','2019',70,20,true),
  (21,'JAN','2019',60,21,true),
  (22,'JAN','2019',30,22,true),
  (23,'JAN','2019',20,23,true),
  (24,'JAN','2019',40,24,true),
  (25,'JAN','2019',33,25,true),
  (26,'JAN','2019',50,26,true),
  (27,'JAN','2019',70,27,true),
  (28,'JAN','2019',60,28,true),
  (29,'JAN','2019',30,29,true),
  (30,'JAN','2019',20,30,true),
  (31,'JAN','2019',40,31,true),
  (32,'JAN','2019',33,32,true),
  (33,'JAN','2019',50,33,true),
  (34,'JAN','2019',70,34,true),
  (35,'JAN','2019',60,35,true),
  (36,'JAN','2019',30,36,true),
  (37,'JAN','2019',20,37,true),
  (38,'JAN','2019',40,38,true),
  (39,'JAN','2019',33,39,true),
  (40,'JAN','2019',50,40,true),
  (41,'JAN','2019',70,41,true),
  (42,'JAN','2019',60,42,true),
  (43,'JAN','2019',30,43,true),
  (44,'JAN','2019',20,44,true),
  (45,'JAN','2019',40,45,true),
  (46,'JAN','2019',33,46,true),
  (47,'JAN','2019',50,47,true),
  (48,'JAN','2019',70,48,true),
  (49,'JAN','2019',60,49,true),
  (50,'JAN','2019',30,50,true),
  (51,'JAN','2019',20,51,true),
  (52,'JAN','2019',40,52,true),
  (53,'JAN','2019',33,53,true),
  (54,'JAN','2019',50,54,true),
  (55,'JAN','2019',70,55,true),
  (56,'JAN','2019',60,56,true),
  (57,'JAN','2019',30,57,true),
  (58,'JAN','2019',20,58,true),
  (59,'JAN','2019',40,59,true),
  (60,'JAN','2019',33,60,true),
  (61,'JAN','2019',50,61,true),
  (62,'JAN','2019',70,62,true),
  (63,'JAN','2019',60,63,true),
  (64,'JAN','2019',30,64,true),
  (65,'JAN','2019',20,65,true),
  (66,'JAN','2019',40,66,true),
  (67,'JAN','2019',33,67,true),
  (68,'JAN','2019',50,68,true),
  (69,'JAN','2019',70,69,true),
  (70,'JAN','2019',60,70,true),
  (71,'JAN','2019',30,71,true),
  (72,'JAN','2019',20,72,true),
  (73,'JAN','2019',40,73,true),
  (74,'JAN','2019',33,74,true),
  (75,'JAN','2019',50,75,true),
  (76,'JAN','2019',70,76,true),
  (77,'JAN','2019',60,77,true),
  (78,'JAN','2019',30,78,true),
  (79,'JAN','2019',20,79,true),
  (80,'JAN','2019',40,80,true),
  (81,'JAN','2019',33,81,true),
  (82,'JAN','2019',50,82,true),
  (83,'JAN','2019',70,83,true),
  (84,'JAN','2019',60,84,true),
  (85,'JAN','2019',30,85,true),
  (86,'JAN','2019',20,86,true),
  (87,'JAN','2019',40,87,true),
  (88,'JAN','2019',33,88,true),
  (89,'JAN','2019',50,89,true),
  (90,'JAN','2019',70,90,true),
  (91,'JAN','2019',60,91,true),
  (92,'JAN','2019',30,92,true),
  (93,'JAN','2019',20,93,true),
  (94,'JAN','2019',40,94,true),
  (95,'JAN','2019',33,95,true),
  (96,'JAN','2019',50,96,true),
  (97,'JAN','2019',70,97,true),
  (98,'JAN','2019',60,98,true),
  (99,'JAN','2019',30,99,true),
  (100,'JAN','2019',20,100,true),
  (101,'JAN','2019',40,101,true),
  (102,'JAN','2019',33,102,true),
  (103,'JAN','2019',50,103,true),
  (104,'JAN','2019',70,104,true),
  (105,'JAN','2019',60,105,true),
  (106,'JAN','2019',61,106,true),
  (107,'JAN','2019',62,107,true),
  (108,'JAN','2019',63,108,true),
  (109,'JAN','2019',64,109,true),
  (110,'JAN','2019',65,110,true),
  (111,'JAN','2019',66,111,true),
  (112,'JAN','2019',67,112,true),
  (113,'JAN','2019',68,113,true),
  (114,'JAN','2019',69,114,true),
  (115,'JAN','2019',70,115,true),
  (116,'JAN','2019',71,116,true),
  (117,'JAN','2019',72,117,true),
  (118,'JAN','2019',73,118,true),
  (119,'JAN','2019',74,119,true),
  (120,'JAN','2019',75,120,true),
  (121,'JAN','2019',76,121,true),
  (122,'JAN','2019',77,122,true),
  (123,'JAN','2019',78,123,true),
  (124,'JAN','2019',79,124,true),
  (125,'JAN','2019',80,125,true),
  (126,'JAN','2019',81,126,true),
  (127,'JAN','2019',82,127,true),
  (128,'JAN','2019',83,128,true),
  (129,'JAN','2019',84,129,true),
  (130,'JAN','2019',85,130,true),
  (131,'JAN','2019',86,131,true),
  (132,'JAN','2019',87,132,true),
  (133,'JAN','2019',88,133,true),
  (134,'JAN','2019',89,134,true),
  (135,'JAN','2019',90,135,true),
  (136,'JAN','2019',91,136,true),
  (137,'JAN','2019',92,137,true),
  (138,'JAN','2019',93,138,true),
  (139,'JAN','2019',94,139,true),
  (140,'JAN','2019',95,140,true),
  (141,'JAN','2019',96,141,true),
  (142,'JAN','2019',97,142,true),
  (143,'JAN','2019',98,143,true),
  (144,'JAN','2019',99,144,true),
  (145,'JAN','2019',100,145,true),
  (146,'JAN','2019',101,146,true),
  (147,'JAN','2019',102,147,true),
  (148,'JAN','2019',103,148,true),
  (149,'JAN','2019',104,149,true),
  (150,'JAN','2019',105,150,true),
  (151,'JAN','2019',106,151,true),
  (152,'JAN','2019',107,152,true),
  (153,'JAN','2019',108,153,true),
  (154,'JAN','2019',109,154,true),
  (155,'JAN','2019',110,155,true),
  (156,'JAN','2019',111,156,true),
  (157,'JAN','2019',112,157,true),
  (158,'JAN','2019',113,158,true),
  (159,'JAN','2019',114,159,true),
  (160,'JAN','2019',115,160,true),
  (161,'JAN','2019',116,161,true),
  (162,'JAN','2019',117,162,true),
  (163,'JAN','2019',118,163,true),
  (164,'JAN','2019',119,164,true),
  (165,'JAN','2019',120,165,true),
  (166,'JAN','2019',121,166,true),
  (167,'JAN','2019',122,167,true),
  (168,'JAN','2019',123,168,true),
  (169,'JAN','2019',124,169,true),
  (170,'JAN','2019',125,170,true),
  (171,'JAN','2019',126,171,true),
  (172,'JAN','2019',127,172,true),
  (173,'JAN','2019',128,173,true),
  (174,'JAN','2019',129,174,true),
  (175,'JAN','2019',130,175,true),
  (176,'JAN','2019',131,176,true),
  (177,'JAN','2019',132,177,true),
  (178,'JAN','2019',133,178,true),
  (179,'JAN','2019',134,179,true);

insert into payment (id, due_month,due_year, amount_due, client_id, imported) values
  (1,'JAN','2019',30,1,true),
  (2,'JAN','2019',20,2,true),
  (3,'JAN','2019',40,3,true),
  (4,'JAN','2019',33,4,true),
  (5,'JAN','2019',50,5,true),
  (6,'JAN','2019',70,6,true),
  (7,'JAN','2019',60,7,true),
  (8,'JAN','2019',30,8,true),
  (9,'JAN','2019',20,9,true),
  (10,'JAN','2019',40,10,true),
  (11,'JAN','2019',33,11,true),
  (12,'JAN','2019',50,12,true),
  (13,'JAN','2019',70,13,true),
  (14,'JAN','2019',60,14,true),
  (15,'JAN','2019',30,15,true),
  (16,'JAN','2019',20,16,true),
  (17,'JAN','2019',40,17,true),
  (18,'JAN','2019',33,18,true),
  (19,'JAN','2019',50,19,true),
  (20,'JAN','2019',70,20,true),
  (21,'JAN','2019',60,21,true),
  (22,'JAN','2019',30,22,true),
  (23,'JAN','2019',20,23,true),
  (24,'JAN','2019',40,24,true),
  (25,'JAN','2019',33,25,true),
  (26,'JAN','2019',50,26,true),
  (27,'JAN','2019',70,27,true),
  (28,'JAN','2019',60,28,true),
  (29,'JAN','2019',30,29,true),
  (30,'JAN','2019',20,30,true),
  (31,'JAN','2019',40,31,true),
  (32,'JAN','2019',33,32,true),
  (33,'JAN','2019',50,33,true),
  (34,'JAN','2019',70,34,true),
  (35,'JAN','2019',60,35,true),
  (36,'JAN','2019',30,36,true),
  (37,'JAN','2019',20,37,true),
  (38,'JAN','2019',40,38,true),
  (39,'JAN','2019',33,39,true),
  (40,'JAN','2019',50,40,true),
  (41,'JAN','2019',70,41,true),
  (42,'JAN','2019',60,42,true),
  (43,'JAN','2019',30,43,true),
  (44,'JAN','2019',20,44,true),
  (45,'JAN','2019',40,45,true),
  (46,'JAN','2019',33,46,true),
  (47,'JAN','2019',50,47,true),
  (48,'JAN','2019',70,48,true),
  (49,'JAN','2019',60,49,true),
  (50,'JAN','2019',30,50,true),
  (51,'JAN','2019',20,51,true),
  (52,'JAN','2019',40,52,true),
  (53,'JAN','2019',33,53,true),
  (54,'JAN','2019',50,54,true),
  (55,'JAN','2019',70,55,true),
  (56,'JAN','2019',60,56,true),
  (57,'JAN','2019',30,57,true),
  (58,'JAN','2019',20,58,true),
  (59,'JAN','2019',40,59,true),
  (60,'JAN','2019',33,60,true),
  (61,'JAN','2019',50,61,true),
  (62,'JAN','2019',70,62,true),
  (63,'JAN','2019',60,63,true),
  (64,'JAN','2019',30,64,true),
  (65,'JAN','2019',20,65,true),
  (66,'JAN','2019',40,66,true),
  (67,'JAN','2019',33,67,true),
  (68,'JAN','2019',50,68,true),
  (69,'JAN','2019',70,69,true),
  (70,'JAN','2019',60,70,true),
  (71,'JAN','2019',30,71,true),
  (72,'JAN','2019',20,72,true),
  (73,'JAN','2019',40,73,true),
  (74,'JAN','2019',33,74,true),
  (75,'JAN','2019',50,75,true),
  (76,'JAN','2019',70,76,true),
  (77,'JAN','2019',60,77,true),
  (78,'JAN','2019',30,78,true),
  (79,'JAN','2019',20,79,true),
  (80,'JAN','2019',40,80,true),
  (81,'JAN','2019',33,81,true),
  (82,'JAN','2019',50,82,true),
  (83,'JAN','2019',70,83,true),
  (84,'JAN','2019',60,84,true),
  (85,'JAN','2019',30,85,true),
  (86,'JAN','2019',20,86,true),
  (87,'JAN','2019',40,87,true),
  (88,'JAN','2019',33,88,true),
  (89,'JAN','2019',50,89,true),
  (90,'JAN','2019',70,90,true),
  (91,'JAN','2019',60,91,true),
  (92,'JAN','2019',30,92,true),
  (93,'JAN','2019',20,93,true),
  (94,'JAN','2019',40,94,true),
  (95,'JAN','2019',33,95,true),
  (96,'JAN','2019',50,96,true),
  (97,'JAN','2019',70,97,true),
  (98,'JAN','2019',60,98,true),
  (99,'JAN','2019',30,99,true),
  (100,'JAN','2019',20,100,true),
  (101,'JAN','2019',40,101,true),
  (102,'JAN','2019',33,102,true),
  (103,'JAN','2019',50,103,true),
  (104,'JAN','2019',70,104,true),
  (105,'JAN','2019',60,105,true),
  (106,'JAN','2019',61,106,true),
  (107,'JAN','2019',62,107,true),
  (108,'JAN','2019',63,108,true),
  (109,'JAN','2019',64,109,true),
  (110,'JAN','2019',65,110,true),
  (111,'JAN','2019',66,111,true),
  (112,'JAN','2019',67,112,true),
  (113,'JAN','2019',68,113,true),
  (114,'JAN','2019',69,114,true),
  (115,'JAN','2019',70,115,true),
  (116,'JAN','2019',71,116,true),
  (117,'JAN','2019',72,117,true),
  (118,'JAN','2019',73,118,true),
  (119,'JAN','2019',74,119,true),
  (120,'JAN','2019',75,120,true),
  (121,'JAN','2019',76,121,true),
  (122,'JAN','2019',77,122,true),
  (123,'JAN','2019',78,123,true),
  (124,'JAN','2019',79,124,true),
  (125,'JAN','2019',80,125,true),
  (126,'JAN','2019',81,126,true),
  (127,'JAN','2019',82,127,true),
  (128,'JAN','2019',83,128,true),
  (129,'JAN','2019',84,129,true),
  (130,'JAN','2019',85,130,true),
  (131,'JAN','2019',86,131,true),
  (132,'JAN','2019',87,132,true),
  (133,'JAN','2019',88,133,true),
  (134,'JAN','2019',89,134,true),
  (135,'JAN','2019',90,135,true),
  (136,'JAN','2019',91,136,true),
  (137,'JAN','2019',92,137,true),
  (138,'JAN','2019',93,138,true),
  (139,'JAN','2019',94,139,true),
  (140,'JAN','2019',95,140,true),
  (141,'JAN','2019',96,141,true),
  (142,'JAN','2019',97,142,true),
  (143,'JAN','2019',98,143,true),
  (144,'JAN','2019',99,144,true),
  (145,'JAN','2019',100,145,true),
  (146,'JAN','2019',101,146,true),
  (147,'JAN','2019',102,147,true),
  (148,'JAN','2019',103,148,true),
  (149,'JAN','2019',104,149,true),
  (150,'JAN','2019',105,150,true),
  (151,'JAN','2019',106,151,true),
  (152,'JAN','2019',107,152,true),
  (153,'JAN','2019',108,153,true),
  (154,'JAN','2019',109,154,true),
  (155,'JAN','2019',110,155,true),
  (156,'JAN','2019',111,156,true),
  (157,'JAN','2019',112,157,true),
  (158,'JAN','2019',113,158,true),
  (159,'JAN','2019',114,159,true),
  (160,'JAN','2019',115,160,true),
  (161,'JAN','2019',116,161,true),
  (162,'JAN','2019',117,162,true),
  (163,'JAN','2019',118,163,true),
  (164,'JAN','2019',119,164,true),
  (165,'JAN','2019',120,165,true),
  (166,'JAN','2019',121,166,true),
  (167,'JAN','2019',122,167,true),
  (168,'JAN','2019',123,168,true),
  (169,'JAN','2019',124,169,true),
  (170,'JAN','2019',125,170,true),
  (171,'JAN','2019',126,171,true),
  (172,'JAN','2019',127,172,true),
  (173,'JAN','2019',128,173,true),
  (174,'JAN','2019',129,174,true),
  (175,'JAN','2019',130,175,true),
  (176,'JAN','2019',131,176,true),
  (177,'JAN','2019',132,177,true),
  (178,'JAN','2019',133,178,true),
  (179,'JAN','2019',134,179,true);


insert into settings (id, code, value) values
(1, 'nodeType', 'primary');

update payment p set total_amount_paid = (select sum(amount_paid)
  from transaction
 where client_id = p.client_id
   and due_month = p.due_month
   and due_year = p.due_year);